Item_ID,total
1000141,48
1000160,26
1000307,23
1000339,56
1000535,52
1000727,2
1000929,32
1000947,11
1000957,2
1001205,36
1001349,28
1001497,101
1001732,19
1001781,128
1001791,14
1001863,59
1001910,9
1002412,77
1002563,16
1002593,21
1002648,25
1002685,50
1002721,38
1002883,58
1002920,10
1002923,6
1002948,140
1002991,39
1003546,50
1003618,151
1003779,13
1003937,57
1004195,43
1004333,45
1004360,40
1004406,113
1004540,51
1004551,40
1004562,30
1004603,22
1004727,59
1004821,70
1005414,22
1005450,9
1005617,43
1005834,21
1005854,98
1005875,25
1005878,36
1005945,28
1005946,20
1006011,40
1006118,17
1006199,65
1006333,150
1006338,25
1006418,70
1006481,3
1006548,12
1006593,25
1006594,25
1006608,14
1006615,31
1006967,2
1007247,59
1007260,7
1007287,3
1007470,7
1007564,28
1007699,53
1007711,38
1007757,4
1007914,38
1007928,42
1007940,28
1008031,9
1008123,51
1008166,20
1008324,43
1008439,50
1008540,28
1008588,23
1008736,13
1008784,30
1009000,14
1009099,10
1009569,67
1009594,33
1009842,19
1009865,29
1010082,65
1010283,4
1010389,41
1010417,3
1010521,80
1010833,3
1011024,22
1011026,33
1011081,8
1011259,19
1011469,24
1011810,6
1011856,140
1011859,27
1011932,175
1011977,41
1012045,54
1012159,58
1012182,3
1012267,10
1012273,19
1012329,17
1012352,10
1012380,26
1012463,59
1012665,44
1012784,95
1012838,35
1012886,69
1013378,3
1013420,18
1013532,3
1013817,16
1013838,2
1013841,3
1013907,101
1013965,18
1014009,7
1014012,8
1014016,19
1014025,23
1014033,8
1014036,28
1014046,45
1014052,9
1014058,48
1014078,44
1014086,24
1014087,11
1014207,25
1014260,72
1014269,48
1014286,45
1014379,20
1014408,18
1014425,21
1014457,9
1014459,47
1014461,20
1014463,55
1014517,23
1014545,38
1014655,60
1014823,52
1014848,36
1015329,12
1015358,29
1015470,25
1015521,22
1015561,48
1015610,30
1015611,46
1015615,31
1015707,26
1015708,5
1015735,30
1015790,36
1015810,19
1016110,14
1016336,39
1016701,57
1016711,57
1016792,56
1016955,90
1017054,61
1017087,84
1017288,68
1017323,39
1017357,80
1017379,52
1017833,54
1017873,2
1017888,2
1017913,5
1017927,55
1017979,78
1018185,37
1018204,80
1018726,28
1019084,36
1019427,97
1019457,26
1019587,51
1019840,20
1019962,89
1020556,35
1020583,18
1020730,47
1020786,75
1020949,44
1021015,21
1021054,33
1021056,9
1021063,46
1021066,50
1021539,20
1022212,23
1022257,51
1022290,73
1022914,18
1022918,11
1023117,15
1023139,26
1023145,74
1023158,13
1023228,4
1023379,13
1023385,17
1023387,17
1023548,14
1023549,38
1023782,29
1023786,29
1023815,27
1023835,12
1023839,131
1023849,17
1023859,15
1023871,14
1023998,16
1024003,31
1024079,100
1024083,58
1024313,48
1024459,20
1024477,25
1024668,28
1024695,42
1024700,43
1024745,52
1025049,10
1025169,27
1025434,52
1025684,34
1025724,27
1025757,6
1025794,66
1025998,40
1026084,2
1026197,29
1026203,23
1026205,32
1026338,34
1026348,29
1026429,5
1026430,2
1026551,61
1026562,36
1026641,27
1026693,70
1026731,35
1026782,32
1026870,103
1027075,50
1027197,7
1027242,21
1027339,24
1027638,68
1027717,4
1027738,43
1027803,56
1027838,152
1027921,34
1028127,22
1028156,5
1028171,5
1028173,8
1028387,35
1028393,37
1028957,16
1029077,3
1029100,12
1029576,46
1029760,24
1029762,24
1029776,36
1029809,39
1029832,118
1029940,51
1030322,22
1030387,4
1030447,3
1030573,38
1030595,18
1030751,59
1030983,13
1030992,25
1031388,20
1032603,18
1032740,40
1032872,48
1032892,18
1033416,20
1033448,24
1033467,12
1033482,4
1033518,3
1033724,13
1033745,2
1033746,3
1033882,27
1033884,27
1033886,30
1034222,30
1034226,27
1034539,9
1034822,46
1034840,4
1034849,40
1034980,27
1034992,42
1035089,73
1035239,25
1035350,4
1035713,30
1035844,292
1036162,45
1036217,17
1036266,47
1036400,52
1036402,2
1036693,54
1036705,18
1036712,40
1036718,26
1036721,65
1036791,42
1036935,40
1036947,3
1037152,27
1037243,21
1037394,14
1037494,4
1037564,64
1037584,50
1037844,21
1038000,40
1038224,104
1038304,8
1038324,44
1038430,50
1038480,58
1038502,23
1038638,33
1038663,33
1038732,49
1038750,104
1038780,43
1038943,17
1038958,47
1039054,80
1039313,195
1039343,36
1039407,12
1039713,19
1039770,66
1039790,6
1039791,21
1039795,22
1040047,43
1040414,11
1040541,18
1040634,165
1040959,12
1041070,10
1041648,174
1041677,5
1041841,7
1041897,16
1042087,19
1042383,48
1042408,85
1042858,3
1042972,4
1043185,30
1043995,19
1044069,6
1044158,60
1044180,12
1044211,31
1044293,27
1044297,32
1044365,53
1044422,39
1044429,56
1044444,30
1044473,28
1044549,46
1044611,20
1044770,24
1044779,154
1044936,10
1044996,97
1045117,37
1045287,29
1045410,34
1045476,77
1045535,16
1045895,40
1045898,38
1046013,47
1046214,58
1046218,18
1046545,4
1046605,3
1046660,25
1046775,6
1046873,41
1046971,69
1047020,45
1047033,20
1047375,26
1047574,18
1047740,18
1047825,78
1047833,31
1048104,24
1048155,26
1048401,24
1048406,28
1048490,40
1048501,26
1048505,33
1048509,37
1048525,19
1048564,56
1048591,40
1048644,74
1048664,14
1048678,24
1048934,40
1049032,33
1049072,48
1049080,30
1049086,59
1049233,21
1049382,61
1049509,39
1049520,57
1049580,23
1049608,33
1049782,183
1049801,24
1049995,56
1050102,55
1050256,41
1050313,44
1050477,35
1050481,26
1050594,19
1050700,2
1050751,35
1050919,123
1050950,24
1051096,7
1051119,2
1051241,21
1051284,13
1051309,106
1051342,39
1051474,16
1051581,63
1051605,125
1051801,27
1051831,10
1051915,38
1051943,2
1051950,4
1051990,29
1051996,6
1052064,30
1052199,30
1052326,54
1052500,39
1052692,21
1052697,30
1052726,69
1052737,46
1052815,25
1052827,4
1052880,90
1052931,4
1053002,19
1053204,47
1053471,83
1053521,4
1053590,24
1053627,37
1054361,111
1054597,56
1054616,68
1054783,17
1054798,59
1055131,75
1055165,2
1055187,25
1055279,59
1055331,11
1055473,40
1055478,112
1055486,27
1055530,66
1055596,12
1055649,69
1055727,14
1055786,29
1055791,40
1055858,53
1055859,107
1056120,45
1056218,10
1056227,35
1056231,22
1056349,80
1056447,55
1056463,46
1056528,3
1056549,2
1056559,6
1056615,10
1056632,4
1056635,1
1056653,3
1056657,2
1056665,1
1056667,2
1056675,2
1056678,2
1056681,2
1056686,2
1056690,2
1056692,5
1056694,2
1056726,28
1056762,29
1056795,44
1056800,12
1056921,53
1057117,70
1057126,82
1057176,80
1057246,61
1057260,53
1057502,21
1057547,3
1057555,34
1057617,77
1057718,4
1057757,13
1058013,76
1058095,69
1058097,38
1058336,24
1058621,94
1058811,95
1058876,41
1058965,3
1059112,72
1059236,6
1059237,22
1059331,2
1059353,5
1059362,21
1059370,8
1059373,2
1059374,88
1059392,19
1059401,38
1059452,37
1059721,21
1059850,12
1059859,80
1059891,49
1059980,17
1060012,34
1060101,54
1060237,4
1060466,33
1060604,10
1060814,20
1060920,45
1060940,10
1060963,43
1060977,48
1061148,32
1061285,159
1061323,85
1061331,52
1061406,20
1061527,2
1061564,19
1061623,117
1061698,78
1061782,38
1061884,40
1061963,40
1062056,16
1062123,59
1062136,47
1062421,45
1062474,38
1062563,25
1062675,18
1062676,25
1062782,6
1062810,6
1062944,51
1062963,47
1063076,35
1063084,82
1063321,70
1063410,25
1063518,35
1063520,16
1063622,44
1063781,24
1063812,15
1063891,12
1063918,5
1064052,20
1064054,60
1064099,31
1064100,20
1064105,5
1064109,10
1064139,22
1064143,4
1064286,60
1064295,79
1064348,27
1064406,40
1064502,60
1064560,105
1064728,24
1064751,59
1064783,49
1064935,28
1065037,59
1065112,77
1065223,43
1065492,51
1065573,15
1065589,33
1065737,36
1065759,16
1065803,30
1065864,47
1065912,4
1065915,76
1066090,49
1066226,58
1066238,57
1066242,72
1066438,105
1066476,46
1066557,30
1066625,33
1066672,35
1066717,22
1066746,157
1066804,40
1066918,74
1066936,32
1066937,33
1066972,53
1067022,45
1067041,53
1067145,99
1067257,20
1067260,49
1067293,6
1067299,89
1067321,2
1067460,23
1067482,2
1067501,34
1067676,64
1067682,2
1067700,4
1067936,41
1067941,57
1067969,34
1067997,42
1068000,39
1068074,16
1068102,47
1068109,38
1068187,11
1068324,62
1068357,68
1068373,29
1068409,35
1068543,21
1068625,95
1068757,166
1068764,42
1068783,80
1068802,2
1069302,48
1069526,56
1070610,53
1070629,63
1070634,10
1070725,3
1070753,44
1070787,13
1070830,33
1070936,37
1071036,4
1071176,64
1071211,18
1071404,69
1071495,28
1071540,45
1071576,82
1071645,21
1071655,25
1071659,2
1071670,49
1071677,8
1071862,3
1071958,25
1071979,68
1072058,5
1072068,3
1072071,3
1072086,2
1072113,31
1072175,14
1072177,36
1072428,42
1072533,60
1072541,11
1072555,5
1072564,8
1072679,22
1072709,17
1072711,49
1072784,12
1072855,29
1072861,33
1072978,73
1073102,94
1073173,46
1073180,49
1073183,21
1073235,38
1073250,20
1073266,43
1073360,41
1073506,27
1073732,76
1073914,95
1074074,54
1074112,8
1074120,29
1074122,8
1074264,24
1074519,45
1074569,44
1074574,52
1074608,40
1074618,56
1074748,57
1074759,44
1074850,60
1074879,20
1075057,10
1075141,34
1075142,98
1075443,51
1075527,42
1075588,63
1075619,47
1075670,32
1075686,57
1075764,61
1075801,30
1075835,29
1076003,71
1076066,63
1076085,55
1076115,75
1076120,38
1076127,40
1076409,11
1076552,26
1076557,32
1076568,18
1076590,39
1076593,27
1076740,48
1076830,134
1077232,17
1077329,78
1077371,19
1077455,21
1077467,18
1077516,20
1077825,55
1077956,100
1078003,6
1078037,3
1078052,4
1078083,26
1078119,80
1078124,3
1078163,101
1078212,48
1078366,44
1078392,90
1078404,3
1078407,5
1078551,38
1078688,22
1078805,18
1078839,51
1078860,56
1078866,35
1078867,60
1078925,62
1078953,26
1078974,2
1079031,3
1079146,115
1079213,74
1079244,3
1079249,18
1079288,7
1079297,45
1079304,32
1079336,59
1079553,4
1079649,21
1079678,201
1079831,27
1079943,45
1080018,15
1080069,61
1080070,54
1080132,16
1080273,4
1080496,11
1080601,35
1080704,3
1080718,53
1080893,62
1080982,28
1081012,33
1081028,3
1081102,18
1081180,29
1081194,13
1081201,17
1081330,19
1081441,31
1081488,79
1081739,35
1082162,17
1082238,66
1082251,14
1082338,24
1082438,28
1082447,48
1082493,76
1082666,49
1082884,15
1082892,76
1082965,22
1082985,5
1083051,93
1083076,32
1083245,34
1083318,26
1083336,33
1083339,35
1083341,66
1083479,18
1083488,34
1083497,88
1083519,17
1083531,58
1083732,63
1083741,28
1083742,15
1083762,17
1083780,38
1083836,44
1083940,68
1083946,29
1084107,34
1084109,64
1084161,59
1084203,33
1084206,34
1084231,14
1084394,48
1084418,34
1084494,67
1084540,3
1084543,46
1084623,58
1084761,108
1084838,37
1084855,34
1084899,6
1084912,16
1085087,3
1085208,4
1085505,16
1085592,79
1085639,93
1085689,68
1085734,23
1085913,69
1086083,91
1086143,6
1086217,2
1086307,33
1086311,36
1086420,50
1086542,69
1086575,23
1086590,10
1086664,17
1086859,94
1086864,25
1086890,56
1086924,30
1086932,23
1086936,60
1087020,61
1087124,47
1087263,49
1087300,74
1087397,42
1087459,43
1087466,33
1087514,71
1087531,16
1087533,16
1087547,47
1087662,52
1087733,55
1087952,4
1087976,23
1087992,24
1088126,29
1088130,81
1088139,65
1088144,50
1088193,63
1088231,3
1088240,2
1088314,3
1088321,3
1088376,32
1088391,86
1088406,81
1088453,28
1088459,14
1088496,47
1088504,41
1088506,28
1088612,10
1088615,19
1088690,154
1088856,12
1088919,10
1088961,32
1088968,28
1089006,33
1089102,29
1089124,11
1089170,39
1089416,13
1089424,19
1089429,21
1089474,24
1089565,7
1089609,19
1089614,5
1089671,15
1089840,75
1089841,10
1089924,16
1090074,13
1090412,29
1090534,82
1090609,17
1090620,56
1090647,35
1090652,43
1090669,57
1090692,28
1090789,3
1090804,130
1090847,3
1090848,3
1090931,10
1090953,51
1091042,12
1091081,33
1091105,98
1091106,77
1091140,7
1091141,3
1091165,28
1091213,29
1091276,14
1091376,39
1091381,25
1091464,8
1091658,39
1091755,50
1091766,133
1091999,67
1092025,57
1092059,19
1092126,8
1092145,62
1092202,12
1092207,19
1092245,27
1092282,41
1092327,146
1092818,34
1092974,12
1093076,14
1093340,32
1093869,44
1093966,19
1094046,22
1094709,22
1094941,2
1095007,31
1095015,21
1095108,4
1095130,42
1095162,43
1095177,35
1095222,25
1095344,81
1095421,32
1095754,18
1095879,26
1095894,19
1096030,40
1096074,25
1096094,16
1096136,26
1096150,48
1096206,21
1096229,36
1096230,93
1096350,21
1096378,17
1097671,41
1097679,17
1097681,25
1097692,46
1097697,59
1097764,35
1097829,78
1097985,33
1098041,72
1098066,56
1098081,40
1098086,117
1098219,12
1098282,33
1098326,2
1098530,36
1098849,54
1098854,75
1098876,2
1099049,29
1099111,67
1099127,11
1099147,3
1099157,107
1099256,37
1099257,102
1099362,30
1099452,4
1099530,47
1099585,27
1099686,18
1099693,23
1099710,21
1099713,51
1100043,33
1100056,9
1100191,61
1100281,25
1100353,39
1100482,81
1100515,75
1100560,37
1100672,2
1100704,22
1100722,22
1100774,52
1100829,31
1100842,44
1100890,34
1100994,43
1101093,19
1101102,17
1101177,22
1101184,21
1101338,53
1101376,48
1101494,37
1101553,23
1101556,21
1101647,16
1101904,29
1102175,23
1102459,27
1102503,10
1102505,12
1102606,11
1102619,15
1102681,4
1102685,5
1102746,108
1102794,39
1103020,49
1103023,58
1103025,46
1103027,24
1103038,3
1103044,45
1103057,7
1103065,25
1103078,49
1103256,70
1103493,28
1103604,45
1103647,5
1103659,290
1103681,30
1103789,6
1103796,5
1103836,29
1103843,27
1103868,71
1103919,39
1103985,27
1103995,48
1104048,3
1104084,49
1104150,28
1104267,24
1104290,55
1104628,29
1104892,54
1105027,38
1105043,10
1105239,36
1105263,10
1105818,3
1105821,19
1105846,5
1105981,43
1106144,28
1106160,3
1106182,2
1106259,40
1106278,16
1106361,1
1106413,3
1106415,3
1106425,4
1106429,2
1106440,54
1106491,46
1106499,53
1106540,55
1106545,31
1106578,61
1106815,32
1106839,78
1106854,19
1106904,21
1106971,36
1107003,10
1107004,8
1107112,39
1107155,29
1107464,38
1107603,14
1107997,131
1108193,35
1108358,46
1108405,26
1108410,21
1108455,2
1108859,48
1108933,45
1108949,11
1108970,12
1109004,21
1109187,3
1109211,3
1109215,2
1109223,32
1109230,47
1109274,200
1109277,30
1109300,22
1109304,21
1109566,2
1109590,3
1109595,4
1109653,6
1109787,53
1109932,1
1109983,5
1109984,4
1110018,27
1110028,64
1110038,18
1110046,12
1110114,57
1110163,7
1110228,9
1110270,11
1110361,28
1110455,35
1110490,49
1110634,34
1110682,39
1110760,75
1110794,17
1112912,25
1113009,14
1113145,4
1113257,47
1113289,14
1113532,41
1113819,45
1114008,174
1114111,7
1114268,71
1114282,9
1114288,84
1114358,113
1114433,98
1114438,36
1114951,65
1115119,74
1115154,104
1115597,11
1115697,15
1115868,17
1115900,29
1116362,65
1116416,52
1116565,33
1116567,18
1116603,73
1116651,30
1116668,7
1116677,48
1116728,23
1116739,22
1116844,109
1117096,43
1117147,46
1117179,24
1117278,49
1117314,54
1117361,45
1117448,39
1117482,23
1117526,4
1117618,24
1117887,4
1117893,2
1117921,48
1118093,33
1118244,45
1118349,4
1118394,27
1118411,16
1118580,73
1118607,67
1119171,4
1119287,47
1119313,2
1119386,7
1119399,6
1119410,11
1119414,141
1119424,61
1119451,20
1119465,17
1119570,10
1119582,89
1119651,55
1119717,27
1120028,16
1120030,19
1120219,45
1120378,78
1120479,3
1120497,41
1120526,8
1120618,59
1120644,7
1120669,159
1120670,159
1120672,84
1120959,32
1121047,4
1121113,4
1121120,5
1121132,23
1121138,10
1121445,4
1121466,61
1121529,4
1121562,2
1121659,7
1121706,36
1121907,60
1121989,19
1122055,13
1123294,20
1123381,38
1123509,2
1123571,74
1123865,75
1123881,10
1124013,136
1124071,5
1124093,6
1124111,7
1124133,16
1124199,2
1124220,25
1124231,44
1124242,4
1124245,25
1124268,6
1124312,17
1124318,42
1124596,4
1124611,4
1124714,6
1124766,51
1125875,67
1125915,12
1125926,45
1125949,31
1125996,30
1126098,118
1126407,56
1126424,25
1126553,30
1126567,34
1126577,62
1126588,40
1126611,12
1126613,12
1126747,48
1126809,75
1126810,8
1126910,28
1126941,8
1127057,3
1127119,6
1127122,3
1127153,36
1127212,37
1127218,52
1127220,18
1127253,2
1127365,24
1127436,2
1127443,42
1127555,22
1127637,98
1127735,35
1127755,51
1127763,44
1127815,150
1127856,32
1127866,15
1127874,15
1127909,5
1127942,4
1127994,15
1127996,11
1128121,8
1128193,30
1128221,11
1128401,30
1128479,16
1128598,31
1128643,30
1128777,25
1128863,47
1129049,32
1129118,18
1129147,13
1129217,36
1129438,49
1129440,42
1129594,75
1129686,18
1129890,48
1129912,21
1130026,25
1130055,48
1130296,108
1130346,2
1130355,4
1130526,41
1130587,135
1130632,55
1130636,26
1130640,13
1130642,27
1130701,4
1130713,3
1130812,7
1130867,19
1131061,7
1131068,16
1131220,149
1131225,49
1131239,47
1131247,30
1131267,23
1131309,93
1131409,136
1131479,20
1131668,25
1131671,27
1131702,23
1131709,23
1131801,51
1131810,52
1131870,40
1131993,56
1132153,13
1132274,159
1132431,47
1132462,31
1132466,46
1132629,29
1132630,11
1132631,11
1132632,16
1132736,59
1132916,13
1132991,32
1133016,40
1133078,32
1133080,10
1133132,17
1133412,22
1133415,16
1133594,3
1133600,3
1133740,5
1134124,48
1134129,16
1134235,57
1134302,193
1134855,45
1135011,97
1135042,3
1135044,53
1135129,79
1135325,153
1135375,3
1135509,14
1135592,35
1135670,4
1135678,2
1135908,3
1135970,68
1135987,27
1135996,47
1136167,10
1136355,31
1136488,25
1136564,22
1136629,28
1136712,4
1136718,6
1136742,1
1136744,3
1136745,4
1136747,4
1136751,4
1136757,7
1136763,4
1136766,4
1136791,39
1136862,3
1137113,19
1137118,16
1137127,23
1137145,11
1137148,41
1137150,9
1137151,13
1137153,13
1137160,39
1137162,4
1137177,23
1137183,16
1137191,29
1137202,11
1137206,23
1137423,42
1137430,30
1137444,77
1137446,66
1137484,25
1137853,25
1137904,51
1137912,49
1137916,3
1137986,3
1138208,19
1138507,3
1138518,3
1138744,3
1138747,2
1138758,3
1138852,41
1138913,36
1138985,42
1139264,102
1139325,40
1139344,39
1139501,22
1139506,154
1139518,20
1139541,25
1139545,22
1139682,7
1139683,19
1139819,29
1139899,8
1139983,19
1140045,51
1140129,4
1140189,16
1140197,27
1140250,30
1140258,18
1140293,5
1140385,36
1140680,40
1140768,96
1141096,32
1141137,45
1141340,57
1141350,29
1141356,17
1141478,78
1141652,25
1141679,11
1141684,7
1141693,17
1141705,8
1141729,6
1142166,6
1142258,72
1142542,74
1142732,41
1142764,10
1142791,41
1142792,31
1142905,41
1142929,9
1142967,46
1143031,10
1143046,4
1143059,2
1143089,6
1143102,5
1143114,2
1143129,4
1143269,17
1143287,19
1143361,32
1143431,4
1143441,2
1143447,4
1143474,3
1143497,2
1143551,2
1143902,19
1144044,33
1144090,15
1144096,14
1144116,23
1144134,5
1144149,16
1144154,2
1144164,3
1144261,21
1144344,28
1144352,17
1144459,8
1144517,15
1144519,22
1144612,59
1144627,29
1144779,33
1144875,76
1145023,37
1145084,17
1145283,40
1145386,60
1145469,2
1145674,49
1145696,16
1145708,28
1145779,3
1145781,4
1146222,4
1146233,36
1146238,6
1146240,13
1146278,23
1146305,27
1146317,31
1146323,6
1146543,29
1146548,38
1146701,3
1146758,27
1146834,18
1146836,63
1146852,14
1146854,25
1146855,25
1146859,24
1146860,12
1146960,15
1146983,22
1147001,4
1147002,4
1147007,4
1147042,23
1147059,13
1147060,41
1147064,28
1147067,28
1147082,5
1147085,47
1147096,53
1147100,29
1147111,17
1147112,10
1147114,20
1147119,29
1147225,43
1147226,43
1147372,22
1147659,11
1147676,41
1147749,9
1147777,1
1147881,35
1148057,4
1148311,45
1148349,45
1148365,76
1148379,16
1148394,30
1148413,26
1148506,67
1148509,36
1148559,55
1148577,53
1148625,76
1148800,35
1148896,62
1148901,93
1149172,76
1149404,17
1149496,18
1149500,25
1149505,12
1149511,10
1149519,16
1149521,18
1149528,19
1149626,24
1149695,61
1149807,61
1149850,38
1149953,92
1149959,24
1150163,59
1150321,10
1150323,7
1150377,33
1150420,26
1150494,10
1150665,23
1150804,22
1150805,28
1150809,15
1150817,14
1150842,12
1150933,55
1150934,53
1150987,72
1151086,20
1151138,18
1151158,3
1151202,7
1151203,8
1151391,3
1151400,3
1151403,1
1151419,2
1151434,29
1151645,4
1151736,34
1151756,35
1151803,45
1151820,12
1151859,8
1151877,8
1151903,57
1151927,31
1152029,26
1152179,26
1152190,10
1152196,9
1152205,33
1152211,22
1152212,9
1152215,9
1152221,21
1152233,30
1152236,11
1152242,31
1152268,18
1152271,13
1152289,24
1152291,39
1152292,14
1152295,17
1152300,36
1152310,17
1152312,12
1152315,17
1152318,70
1152324,13
1152326,14
1152333,5
1152345,16
1152353,9
1152467,49
1152502,49
1152562,62
1152695,20
1152950,35
1153406,22
1153486,8
1153490,69
1153673,2
1154010,21
1154014,39
1154065,7
1154092,1
1154096,3
1154108,3
1154119,4
1154347,5
1154433,34
1154715,168
1154739,50
1154908,12
1155046,100
1155371,42
1155446,8
1155452,3
1155460,2
1155465,13
1155516,2
1155519,24
1155521,8
1155522,3
1155524,14
1155526,16
1155530,12
1155540,11
1155580,40
1155649,15
1155675,61
1155846,22
1155858,21
1155869,2
1155932,1
1156092,2
1156192,4
1156201,7
1156533,26
1156561,32
1156563,18
1156570,33
1156573,24
1156575,8
1156577,17
1156586,26
1156589,19
1156593,11
1156595,21
1156597,32
1156602,40
1156604,9
1156606,10
1156608,10
1156610,15
1156621,5
1156686,21
1156831,2
1156855,25
1156869,17
1156874,18
1156883,32
1156884,19
1156888,8
1156890,13
1156891,22
1156892,15
1156894,11
1156895,16
1156897,15
1156899,23
1156902,44
1156903,20
1156917,16
1156953,66
1157026,147
1157270,11
1157524,63
1157666,26
1157762,66
1157793,3
1159360,3
1159579,3
1159879,19
1159884,34
1160268,35
1160313,3
1160358,41
1160466,51
1160512,59
1160560,43
1160745,7
1160774,15
1161005,122
1161194,3
1161250,35
1161263,3
1161589,47
1161605,1
1161632,3
1161717,5
1161830,1
1161985,55
1162027,39
1162034,49
1162039,127
1162181,22
1162254,49
1162669,139
1162786,26
1162860,2
1163008,4
1163030,5
1163031,4
1163117,3
1163125,31
1163437,36
1163564,3
1163621,8
1163690,97
1164104,43
1164573,14
1164583,33
1164822,33
1164826,35
1165202,29
1165256,43
1165297,7
1165454,6
1165673,3
1165735,55
1165764,21
1165797,2
1165836,1
1165872,35
1166266,23
1166367,215
1166553,55
1166735,28
1166742,39
1166743,18
1166747,14
1166750,27
1166751,27
1166755,14
1166756,66
1166757,20
1166761,25
1166770,8
1166771,19
1166779,16
1166785,23
1166790,22
1166800,57
1166804,13
1166843,22
1166846,6
1166852,22
1166857,31
1166913,30
1167231,17
1167394,58
1167965,16
1168127,161
1168132,53
1168251,65
1168277,44
1168408,30
1168491,42
1168525,55
1168721,32
1168998,137
1169100,36
1169535,4
1169677,24
1169689,27
1169696,14
1169963,6
1170328,18
1170335,5
1170410,26
1170800,13
1171045,38
1171485,8
1171551,35
1171558,52
1171621,18
1171633,23
1171766,2
1171835,34
1171841,1
1171848,40
1172117,32
1172305,4
1172364,4
1172422,2
1172463,33
1172788,15
1172808,23
1172814,10
1172818,16
1172987,11
1172996,12
1173012,10
1173017,11
1173027,8
1173045,82
1173077,25
1173079,16
1173084,51
1173089,12
1173097,18
1173099,32
1173126,28
1173521,75
1173535,10
1173561,3
1173585,3
1173685,15
1173689,30
1173694,20
1173696,22
1173701,18
1173704,50
1173706,14
1173710,31
1173719,13
1173727,36
1173768,4
1173882,21
1174045,55
1174168,71
1174396,46
1174446,4
1174478,2
1174480,2
1174541,37
1174998,40
1175030,19
1175153,14
1175253,51
1175277,29
1175283,15
1175320,40
1175323,16
1175324,13
1175333,51
1175361,38
1175373,15
1175374,168
1175378,26
1175383,19
1175453,17
1176885,34
1176937,3
1176959,2
1176971,2
1176983,302
1176992,2
1177066,3
1177104,23
1177224,31
1177550,4
1177589,22
1177653,16
1177807,13
1177812,38
1177815,20
1177922,3
1178311,60
1178317,21
1178327,20
1178331,22
1178354,26
1178360,11
1178362,16
1178365,21
1178374,11
1178378,21
1178384,10
1178389,174
1178399,23
1178442,4
1178553,64
1178762,26
1178822,77
1178898,34
1179000,2
1179087,33
1179094,17
1179096,17
1179097,2
1179106,8
1179125,40
1179126,19
1179143,20
1179154,33
1179161,43
1179174,12
1179180,24
1179194,34
1179197,14
1179216,38
1179288,4
1179309,8
1179337,4
1179428,1
1179509,4
1179793,47
1179817,9
1179918,19
1180044,59
1180057,11
1180122,10
1180124,4
1180138,8
1180141,8
1180145,12
1180149,12
1180153,17
1180170,31
1180173,19
1180175,24
1180179,10
1180187,39
1180884,65
1180916,72
1180946,6
1180964,16
1181390,44
1181563,8
1181598,11
1181602,16
1181688,14
1181693,14
1181897,17
1182009,16
1182101,34
1182135,40
1182397,40
1182527,24
1182667,91
1182956,3
1183107,83
1183314,89
1183360,44
1183387,61
1183485,10
1183488,32
1183494,36
1183582,22
1183634,36
1183667,37
1183669,10
1183796,19
1183838,10
1183904,28
1183976,17
1183981,26
1183999,16
1184014,9
1184017,41
1184020,27
1184023,26
1184025,29
1184230,72
1184490,36
1184631,20
1184785,94
1184787,15
1184801,26
1184861,36
1184927,38
1184977,28
1185007,10
1185164,55
1185840,19
1185849,22
1185862,12
1185864,13
1185866,23
1185869,27
1185873,27
1185877,19
1185880,16
1185884,24
1185889,32
1185892,30
1185903,19
1185908,32
1185914,18
1185918,25
1185959,25
1185961,27
1185967,25
1185968,30
1185974,32
1185983,20
1185986,28
1185989,17
1185992,21
1185995,12
1185998,65
1186004,16
1186013,11
1186018,10
1186032,19
1186037,24
1186055,23
1186109,12
1186111,6
1186113,16
1186115,11
1186121,23
1186123,22
1186128,17
1186130,10
1186137,10
1186141,23
1186143,14
1186145,6
1186150,20
1186152,49
1186212,56
1186516,37
1186668,26
1186681,79
1186689,12
1186752,7
1186765,12
1186809,33
1186812,21
1186818,17
1187038,48
1187233,27
1187304,29
1187517,12
1187544,8
1187796,46
1187851,39
1187852,9
1187854,18
1187855,13
1187858,23
1187869,8
1187873,21
1187876,43
1187889,19
1187896,20
1187903,10
1187905,37
1187909,4
1187921,10
1187925,16
1187926,8
1187927,13
1187931,13
1187947,11
1187953,19
1187966,13
1187968,12
1187979,3
1187987,27
1187988,18
1187991,28
1187997,18
1187999,14
1188171,69
1188179,30
1188397,23
1188595,13
1188695,3
1188712,48
1188724,1
1189085,4
1189093,23
1189097,52
1189119,4
1189142,64
1189181,50
1189199,125
1189296,1
1189402,5
1189526,12
1189624,53
1189682,46
1189739,22
1189768,49
1189816,51
1189822,3
1189855,36
1189922,6
1190129,2
1190133,3
1190170,6
1190176,2
1190179,4
1190214,2
1190230,2
1190237,50
1190257,26
1190393,35
1190465,134
1190524,13
1190533,14
1190712,1
1190717,14
1190841,5
1190857,6
1191059,46
1191070,134
1191088,31
1191176,20
1191179,17
1191214,21
1191239,7
1191247,31
1191293,25
1191315,24
1191597,7
1191605,9
1192017,12
1192055,13
1193153,4
1193248,43
1193250,61
1193279,53
1193286,2
1193306,2
1193430,32
1193584,26
1193635,40
1193798,31
1193850,6
1193869,134
1193975,5
1193987,36
1193995,3
1194010,22
1194016,3
1194057,151
1194218,4
1194233,23
1194334,21
1194419,98
1194545,5
1194554,42
1194601,5
1194630,12
1194652,6
1194679,57
1194693,4
1194938,12
1195050,5
1195296,11
1195332,48
1195376,73
1195382,2
1195385,2
1195386,2
1195651,40
1195804,46
1195873,3
1195874,11
1196026,13
1196064,6
1196109,71
1196123,62
1196127,6
1196146,12
1196269,3
1196295,34
1196306,24
1196344,7
1196363,3
1196495,14
1196638,22
1196723,48
1196819,3
1196839,35
1197025,18
1197088,36
1197254,16
1197285,10
1197293,10
1197412,4
1197439,57
1197490,94
1197505,4
1197578,60
1197588,3
1197609,2
1197626,5
1197636,13
1197652,12
1197662,32
1197718,29
1197785,12
1197856,15
1198067,2
1198444,16
1198537,4
1198564,73
1198597,13
1198699,19
1199054,15
1199163,58
1199168,42
1199170,19
1199173,8
1199177,35
1199179,9
1199183,19
1199191,29
1199195,14
1199203,12
1199215,44
1199220,10
1199224,15
1199242,21
1199248,11
1199255,22
1199260,14
1199263,7
1199268,13
1199272,31
1199274,18
1199278,10
1199279,15
1199281,52
1199284,15
1199286,16
1199288,12
1199291,23
1199293,8
1199347,37
1199569,4
1199788,34
1200043,32
1200046,28
1200047,26
1200049,14
1200051,20
1200052,25
1200064,20
1200065,14
1200076,21
1200080,29
1200082,20
1200092,48
1200103,31
1200108,18
1200120,13
1200125,26
1200132,45
1200134,18
1200145,55
1200146,12
1200166,8
1200170,7
1200181,16
1200186,14
1200191,7
1200205,13
1200221,27
1200226,23
1200236,40
1200239,21
1200240,28
1200243,22
1200282,33
1200290,15
1200292,25
1200298,16
1200300,58
1200303,9
1200305,18
1200315,4
1200336,2
1200361,18
1200372,32
1200379,16
1200384,23
1200385,13
1200386,68
1200387,13
1200389,36
1200391,5
1200394,20
1200403,2
1200406,56
1200409,18
1200416,8
1200420,37
1200425,16
1200429,16
1200443,6
1200458,14
1200480,6
1200507,9
1200509,3
1200510,9
1200513,14
1200515,3
1200518,27
1200519,6
1200522,13
1200531,7
1200536,21
1200551,19
1200741,64
1201007,5
1201017,3
1201025,15
1201044,3
1201061,3
1201071,3
1201093,31
1201193,20
1201242,52
1201245,13
1201246,49
1201269,31
1201567,58
1201808,33
1201810,13
1201832,17
1201843,40
1201933,24
1201956,4
1202017,6
1202091,60
1202140,43
1202274,23
1202297,23
1202562,29
1202576,24
1202612,6
1202656,33
1202685,44
1202755,31
1202791,32
1202834,41
1202921,17
1203126,22
1203240,27
1203459,31
1203655,17
1203657,28
1203879,1
1203898,2
1203902,86
1203935,32
1203948,1
1204073,37
1204094,27
1204100,24
1204366,7
1204504,80
1204512,4
1204558,15
1204716,55
1205052,97
1205072,50
1205105,44
1205217,29
1205360,4
1205484,16
1205614,5
1205625,3
1205653,37
1205834,34
1206010,9
1206047,2
1206204,31
1206352,32
1207484,19
1207524,14
1207539,7
1207589,37
1207644,51
1207728,23
1207783,9
1207786,18
1207799,12
1207820,43
1207826,8
1207829,16
1207832,28
1207839,15
1207851,12
1207852,31
1207858,26
1207862,17
1207866,23
1207867,24
1207870,21
1207871,18
1207884,19
1207891,31
1207892,17
1207894,21
1207913,33
1207914,4
1207918,4
1207922,23
1207926,27
1207935,30
1207936,19
1207941,23
1207945,22
1207950,17
1207952,15
1207976,15
1207982,33
1207986,3
1207989,5
1208007,50
1208023,33
1208030,16
1208032,16
1208039,12
1208146,23
1208268,56
1208421,33
1208433,26
1208530,61
1208781,76
1208786,10
1208894,24
1209088,72
1209135,39
1209177,47
1209211,31
1209254,34
1209734,37
1209736,60
1209887,29
1209900,27
1210108,49
1210230,38
1210259,3
1210410,68
1210915,4
1211020,34
1211198,62
1211278,29
1211299,3
1211329,4
1211343,8
1211359,3
1211419,69
1211449,1
1211581,32
1211599,17
1211607,1
1211609,3
1211733,41
1211812,14
1211823,33
1211845,30
1211851,31
1211867,9
1211881,24
1211889,29
1211891,57
1211913,18
1211917,10
1211918,3
1211933,24
1211949,2
1211953,7
1212015,14
1212034,46
1212038,27
1212041,20
1212045,10
1212058,16
1212063,21
1212067,24
1212070,5
1212086,14
1212117,3
1212135,4
1212144,5
1212147,15
1212150,6
1212201,3
1212510,41
1212559,25
1212582,36
1212735,17
1212745,16
1212751,10
1212760,13
1212779,12
1212790,65
1212792,20
1212793,16
1212798,12
1212801,8
1212802,2
1212805,14
1212821,26
1212822,36
1212903,4
1212910,2
1212914,3
1212933,3
1213003,20
1213008,12
1213019,18
1213021,17
1213023,16
1213025,17
1213028,23
1213030,8
1213031,12
1213033,19
1213092,4
1213111,22
1213113,26
1213117,18
1213120,24
1213123,19
1213150,4
1213166,15
1213173,17
1213176,16
1213180,36
1213542,51
1213546,4
1213596,12
1213598,19
1213601,4
1213605,18
1213611,8
1213825,63
1214081,2
1214206,18
1214356,28
1214475,3
1214491,29
1214494,25
1214496,17
1214498,39
1214503,11
1214505,24
1214506,35
1214507,17
1214510,16
1214515,27
1214516,30
1214521,23
1214524,34
1214540,61
1214544,5
1214566,23
1214615,23
1214626,23
1214705,42
1214833,29
1214867,2
1214919,7
1215008,31
1215029,34
1215030,18
1215031,21
1215039,12
1215045,20
1215049,36
1215162,29
1215170,3
1215174,5
1215192,79
1215284,62
1215410,7
1215414,17
1215425,9
1215428,25
1215433,18
1215438,36
1215439,14
1215443,24
1215444,37
1215445,30
1215489,17
1215533,50
1215552,24
1215555,173
1215561,40
1215654,27
1215667,146
1215671,10
1215684,41
1215686,32
1215688,26
1215689,12
1215693,24
1215694,65
1215697,23
1215710,3
1215781,24
1215786,34
1215788,34
1215792,37
1215811,23
1215815,25
1215816,12
1215818,13
1215826,19
1215829,10
1215834,31
1216022,63
1216029,20
1216031,27
1216099,33
1216145,40
1216165,86
1216191,11
1216291,27
1216297,45
1216344,7
1216531,38
1216634,47
1216710,75
1216730,13
1216732,48
1216735,20
1216754,35
1216758,29
1216760,32
1216764,25
1216765,27
1216767,16
1216768,38
1216814,26
1216844,26
1216847,42
1216877,36
1216948,22
1217038,22
1217040,6
1217041,26
1217042,26
1217049,21
1217061,14
1217063,15
1217065,39
1217068,36
1217076,24
1217078,22
1217082,14
1217084,21
1217087,6
1217098,10
1217102,6
1217148,15
1217151,22
1217213,4
1217215,27
1217229,15
1217315,7
1217321,39
1217352,4
1217356,43
1217512,37
1217569,56
1217573,127
1217627,19
1217870,62
1217888,13
1217891,13
1217893,16
1217895,33
1217896,32
1217900,38
1217907,34
1217911,45
1217912,21
1217919,11
1217925,8
1217933,33
1217940,27
1217954,11
1217962,56
1218097,20
1218152,35
1218161,25
1218197,23
1218243,71
1218246,52
1218534,50
1218655,43
1218657,16
1218660,31
1218664,21
1218669,32
1218671,24
1218673,47
1218680,29
1218815,37
1218838,57
1218906,35
1218921,52
1218925,19
1218946,21
1218980,65
1219097,5
1219099,63
1219100,4
1219114,2
1219159,3
1219171,3
1219185,3
1219186,4
1219229,26
1219265,23
1219269,24
1219272,31
1219274,35
1219275,10
1219412,41
1219499,33
1219536,23
1219575,20
1219587,44
1219680,77
1219810,20
1219928,42
1220129,56
1220292,11
1220295,32
1220298,58
1220324,87
1220463,123
1220484,192
1220809,19
1220821,33
1220827,28
1220904,31
1221098,76
1221165,4
1221299,18
1221300,6
1221303,28
1221318,28
1221319,41
1221422,11
1221457,47
1221652,34
1221668,75
1221674,4
1221696,4
1221712,3
1221726,5
1221746,4
1221862,32
1221881,19
1221938,26
1221955,66
1222161,54
1222164,43
1222190,22
1222210,70
1222254,28
1222281,16
1222315,92
1222345,14
1222392,33
1222564,16
1222799,65
1222801,40
1222943,27
1223009,86
1223085,24
1223091,33
1223145,40
1223151,45
1223159,40
1223236,4
1223281,92
1223464,42
1223540,49
1223548,25
1223561,42
1223563,23
1223565,29
1223566,31
1223571,18
1223649,20
1223650,47
1223657,17
1223660,56
1223664,73
1223672,23
1223675,45
1223690,47
1223742,14
1223879,26
1223908,31
1224081,22
1224129,26
1224329,17
1224517,9
1224528,20
1224566,52
1224582,31
1224618,25
1224619,21
1224622,31
1224624,58
1224631,23
1224673,22
1224680,65
1224933,6
1225049,56
1225063,91
1225084,71
1225172,26
1225285,11
1225288,35
1225289,39
1225292,30
1225294,53
1225451,58
1225517,33
1225531,27
1225632,60
1225905,16
1225933,26
1225936,33
1225942,91
1225946,7
1225949,13
1225958,53
1225959,27
1225964,38
1225966,35
1225970,47
1225977,28
1225979,21
1225982,20
1226029,45
1226062,79
1226082,29
1226143,56
1226284,25
1226353,29
1226449,61
1226461,16
1226503,19
1226558,55
1226569,101
1226623,9
1226982,89
1226993,11
1227158,67
1227180,160
1227584,34
1227599,6
1227620,22
1227626,9
1227662,3
1227667,3
1227841,71
1229605,20
1229620,33
1229684,47
1229730,16
1229743,22
1229823,44
1229824,32
1229835,71
1229836,25
1229837,26
1229840,28
1229842,19
1229846,48
1229848,44
1229849,61
1229852,28
1229853,25
1229854,29
1229863,26
1229867,30
1229995,7
1230018,45
1230019,12
1230031,46
1230032,19
1230081,29
1230183,62
1230352,19
1230355,17
1230358,9
1230362,53
1230394,41
1230414,58
1230536,33
1230544,22
1230545,140
1230572,36
1230625,19
1230805,24
1230847,25
1230854,44
1230861,38
1230875,23
1230929,8
1231011,35
1231076,24
1231103,22
1231109,31
1231120,24
1231121,45
1231122,38
1231124,20
1231127,17
1231130,13
1231134,18
1231344,18
1231348,24
1231495,40
1231594,77
1231606,15
1231610,31
1231629,21
1231725,86
1231752,24
1231826,3
1231846,49
1231894,48
1231926,30
1231930,26
1231937,3
1231979,9
1232030,3
1232048,53
1232096,48
1232097,29
1232099,23
1232388,33
1232602,48
1232604,114
1232605,22
1232610,41
1232807,37
1232835,30
1232877,16
1232895,55
1232958,38
1233076,26
1233181,53
1233196,50
1233199,52
1233297,22
1233303,55
1233305,35
1233306,56
1233309,33
1233310,70
1233312,20
1233314,28
1233318,26
1233325,18
1233472,59
1233498,4
1233558,4
1233697,26
1233701,24
1233705,41
1233716,16
1233722,85
1233760,46
1233785,34
1233912,5
1233931,53
1233948,13
1233997,67
1234084,41
1234149,3
1234228,5
1234254,5
1234265,3
1234328,50
1234619,4
1234871,26
1234876,25
1234881,23
1234892,123
1234947,4
1235012,20
1235320,2
1235380,108
1235569,34
1235817,3
1235863,51
1235958,20
1236080,101
1236160,73
1236238,32
1236421,13
1236423,28
1236429,42
1236445,16
1236517,20
1236698,49
1236777,33
1236780,16
1236782,27
1236786,20
1236791,27
1236802,23
1236871,3
1236873,3
1236875,18
1236877,37
1236879,15
1236882,9
1236885,5
1236889,37
1236892,11
1236894,21
1236899,56
1236901,24
1236904,28
1236910,19
1236915,1
1236916,31
1236920,32
1236929,4
1236991,43
1236999,2
1237054,41
1237107,50
1237117,20
1237119,19
1237120,12
1237134,23
1237140,52
1237161,38
1237213,43
1237228,249
1237286,42
1237339,27
1237342,32
1237346,4
1237372,42
1237457,2
1237589,29
1237633,134
1237634,1
1237810,71
1237826,16
1238011,37
1238035,29
1238036,54
1238052,17
1238068,27
1238070,46
1238071,29
1238260,73
1238723,13
1238764,3
1238834,28
1238839,2
1238867,6
1238949,46
1238965,3
1239216,30
1239247,16
1239249,11
1239325,49
1239370,45
1239485,35
1239584,4
1239612,2
1239651,2
1239665,3
1239733,34
1239920,29
1239984,23
1240052,13
1240065,43
1240094,42
1240099,55
1240101,41
1240102,41
1240216,64
1240331,29
1240368,40
1240370,13
1240372,33
1240375,20
1240379,39
1240396,26
1240401,23
1240410,11
1240411,19
1240431,47
1240436,18
1240575,40
1240599,156
1240990,49
1241004,19
1241007,34
1241016,27
1241048,51
1241218,24
1241249,37
1241702,4
1241773,12
1241853,44
1241882,28
1241891,31
1242037,100
1242040,50
1242044,18
1242046,15
1242049,11
1242050,33
1242055,33
1242065,39
1242067,36
1242068,55
1242073,11
1242078,27
1242083,25
1242092,28
1242112,10
1242114,30
1242257,30
1242283,4
1242407,2
1242408,32
1242418,50
1242427,1
1242444,6
1242446,7
1242488,29
1242490,5
1242975,71
1243170,60
1243226,103
1243414,62
1243772,22
1243981,62
1244009,8
1244103,8
1244153,29
1244198,95
1244469,13
1244706,81
1245044,12
1246381,39
1246449,24
1246490,5
1246659,51
1247022,45
1247104,22
1247172,4
1247188,54
1247191,13
1247196,44
1247198,33
1247201,23
1247202,25
1247206,45
1247210,12
1247214,16
1247216,51
1247222,37
1247225,23
1247228,11
1247233,22
1247240,23
1247245,24
1247254,26
1247255,24
1247263,25
1247287,50
1247290,28
1247291,79
1247296,35
1247301,14
1247304,25
1247316,16
1247318,31
1247319,19
1247321,13
1247418,41
1247421,89
1247490,73
1247689,24
1247690,13
1247750,3
1247778,62
1247882,4
1247887,32
1247904,11
1247929,6
1248284,3
1248367,100
1248388,2
1248604,60
1248615,47
1249088,38
1249093,26
1249279,30
1249282,23
1249285,20
1249290,15
1249293,84
1249295,36
1249299,23
1249303,43
1249304,11
1249342,20
1249345,29
1249363,40
1249365,62
1249368,22
1249553,54
1249580,41
1249717,23
1249741,34
1249744,16
1249748,18
1249821,32
1249835,23
1249918,3
1250009,3
1250015,62
1250047,4
1250198,10
1250270,59
1250345,66
1250351,16
1250480,26
1250505,37
1250578,54
1250636,3
1250655,19
1250668,5
1250759,6
1250856,15
1250878,15
1250915,23
1251098,4
1251157,6
1251167,12
1251214,5
1251638,32
1251651,24
1251705,10
1251806,2
1252310,98
1252413,16
1252442,38
1252478,6
1252618,45
1252764,6
1252767,14
1252827,5
1252845,3
1252936,16
1252942,8
1252945,2
1252948,3
1252963,2
1252982,25
1252985,49
1252987,15
1252989,18
1252990,7
1253015,7
1253019,22
1253021,18
1253025,22
1253027,19
1253028,38
1253029,14
1253031,41
1253032,17
1253034,13
1253036,41
1253044,23
1253048,18
1253050,40
1253188,6
1253191,24
1253194,17
1253198,33
1253207,35
1253208,21
1253212,21
1253217,39
1253220,27
1253224,66
1253226,15
1253227,22
1253231,28
1253268,4
1253275,3
1253298,3
1253385,49
1253515,6
1253517,35
1253526,10
1253529,13
1253531,19
1253564,3
1253586,5
1253624,13
1253709,4
1254327,18
1254365,28
1254532,56
1254593,38
1254651,5
1254794,7
1254847,2
1254858,21
1254891,67
1254895,20
1255166,2
1255275,2
1255300,76
1255308,19
1255313,18
1255322,15
1255343,34
1255344,12
1255349,21
1255359,6
1255360,19
1255363,14
1255379,44
1255395,26
1255405,28
1255408,50
1255412,27
1255414,47
1255417,35
1255428,2
1255437,15
1255438,31
1255450,19
1255453,35
1255575,23
1255664,17
1255668,42
1255670,35
1255709,2
1255766,18
1255900,77
1255940,14
1256013,4
1256015,49
1256040,5
1256096,78
1256287,81
1256329,31
1256836,18
1256930,36
1256936,11
1256939,17
1256949,23
1257634,31
1257655,35
1257657,38
1257664,7
1257670,24
1257688,18
1257699,38
1257700,31
1257703,27
1257712,12
1257714,41
1257812,42
1257829,13
1257943,3
1258043,18
1258082,2
1258233,23
1258332,5
1258360,2
1258371,4
1258510,50
1258591,15
1258700,3
1259018,31
1259022,4
1259049,86
1259053,20
1259057,54
1259060,21
1259061,34
1259064,17
1259067,74
1259107,14
1259138,27
1259165,37
1259391,1
1259409,3
1259412,1
1260350,13
1260497,4
1260522,37
1260530,71
1260563,59
1260724,18
1260750,27
1260765,56
1260803,20
1260806,31
1260811,38
1260832,13
1260834,34
1260838,14
1260841,29
1261058,38
1261156,20
1261172,2
1261178,4
1261346,114
1261442,80
1261456,22
1261459,14
1261466,9
1261540,16
1261580,17
1261582,6
1261584,23
1261593,40
1261596,5
1261600,37
1261626,15
1261636,26
1261639,14
1261643,39
1261645,15
1261659,8
1261670,71
1261837,59
1262163,5
1262183,17
1262225,16
1262229,48
1262233,16
1262237,11
1262239,3
1262242,62
1262251,14
1262295,80
1262418,2
1262508,27
1262514,1
1262543,2
1262613,49
1262691,33
1262714,51
1262781,59
1262984,19
1263396,60
1263594,32
1263598,41
1263665,24
1263829,27
1263885,59
1264448,69
1264492,10
1265700,58
1265723,46
1265789,87
1265916,38
1266039,22
1266332,8
1266569,7
1266621,31
1266664,54
1266891,70
1267063,40
1267089,60
1267169,26
1267186,110
1267187,41
1267464,71
1267528,47
1267722,29
1267800,8
1267891,17
1267985,35
1268034,31
1268132,9
1268336,60
1268624,70
1268905,57
1268968,11
1268971,29
1268988,21
1269055,15
1269058,31
1269059,17
1269070,10
1269073,14
1269092,22
1269120,23
1269125,21
1269137,16
1269142,17
1269147,15
1269148,53
1269152,15
1269154,60
1269157,28
1269158,10
1269169,18
1269182,7
1269205,3
1269225,5
1269245,37
1269569,54
1269654,4
1269661,4
1269663,61
1269701,51
1269922,51
1269988,5
1270122,3
1270143,17
1270157,51
1270162,23
1270166,8
1270170,20
1270177,16
1270188,22
1270192,10
1270211,15
1270225,14
1270227,26
1270235,6
1270320,24
1270325,19
1270328,16
1270330,12
1270333,35
1270335,30
1270338,30
1270339,8
1270345,20
1270351,17
1270364,22
1270385,20
1270399,16
1270408,17
1270409,6
1270412,17
1270416,13
1270422,11
1270433,37
1270434,17
1270489,11
1270499,37
1270511,20
1270513,30
1270523,22
1270528,16
1270529,12
1270530,16
1270532,26
1270535,17
1270539,23
1270540,4
1270541,39
1270544,50
1270546,16
1270561,50
1270564,19
1270576,14
1270765,84
1270873,24
1270875,16
1270877,24
1270878,16
1270880,19
1271154,3
1271440,14
1271441,43
1271446,23
1271460,7
1271588,8
1271688,39
1271944,26
1271958,2
1271997,12
1272083,6
1272260,27
1272276,59
1272324,29
1272483,5
1272492,7
1272496,38
1272657,23
1272666,18
1272667,9
1272669,6
1272734,6
1272964,34
1273036,63
1273145,63
1273191,37
1273213,53
1273451,3
1273457,35
1273458,14
1273460,21
1273462,15
1273465,27
1273471,31
1273487,26
1273488,6
1273489,10
1273491,35
1273492,14
1273494,23
1273495,9
1273498,27
1273499,16
1273501,16
1273502,8
1273513,13
1273556,4
1273749,21
1273777,5
1273799,6
1273902,13
1273903,12
1274255,19
1274263,30
1274266,14
1274267,22
1274269,13
1274271,26
1274275,18
1274284,38
1274293,29
1274303,33
1274305,7
1274374,16
1274377,46
1274378,28
1274380,35
1274382,22
1274387,18
1274389,21
1274390,25
1274392,23
1274719,20
1274726,18
1274727,16
1274736,15
1274738,17
1274745,27
1274747,18
1274751,15
1274757,6
1274782,73
1274889,42
1274908,39
1274945,12
1274969,39
1275367,16
1275396,4
1275627,27
1275764,2
1275808,6
1275829,2
1275862,5
1275887,55
1276051,105
1276218,12
1276249,2
1276285,48
1276396,112
1276627,38
1276725,2
1276849,2
1276869,12
1277033,14
1277149,55
1277197,5
1277234,17
1277254,23
1277579,49
1277887,81
1277915,55
1278104,40
1278112,22
1278362,40
1278433,2
1278521,30
1278536,24
1278663,42
1278684,73
1278771,77
1278872,1
1278878,1
1278891,27
1278949,7
1278950,4
1278975,2
1278980,5
1278995,7
1279332,3
1279339,3
1279350,2
1279378,1
1279385,4
1279392,2
1279429,3
1279440,2
1279444,2
1279517,2
1279528,2
1279569,4
1279593,3
1279613,2
1279646,5
1279650,6
1279668,6
1279683,8
1279707,7
1279708,3
1279709,23
1279710,15
1279712,25
1279714,4
1279715,15
1279751,54
1279761,29
1280237,10
1280311,87
1280335,17
1280339,12
1280342,10
1280348,19
1280355,15
1280400,52
1280566,60
1280573,3
1280575,11
1280591,19
1280593,11
1280594,10
1280600,12
1280602,27
1280608,19
1280610,26
1280612,24
1280613,17
1280615,12
1280616,18
1280619,18
1280621,16
1280623,15
1280629,17
1280630,20
1280632,8
1280635,13
1280639,17
1280642,14
1280645,25
1280646,8
1280650,26
1280657,17
1280659,13
1280661,9
1280662,20
1280667,11
1280878,60
1281962,5
1281966,12
1281968,30
1281969,22
1281975,13
1282017,13
1282083,3
1282095,2
1282123,4
1282135,3
1282150,6
1282213,40
1282268,2
1282269,4
1282273,3
1282275,29
1282280,1
1282285,3
1282311,3
1282321,4
1282323,5
1282359,3
1282436,2
1282438,3
1282445,3
1282449,3
1282452,1
1282453,1
1282458,4
1282463,4
1282471,4
1282473,3
1282478,3
1282483,3
1282485,3
1282487,2
1282488,1
1282490,3
1282493,3
1282497,1
1282503,4
1282507,4
1282509,4
1282523,5
1282525,4
1282534,44
1282548,3
1282557,2
1282946,34
1283230,26
1283233,9
1283236,18
1283239,24
1283241,11
1283336,2
1283507,25
1283661,25
1285276,22
1285279,22
1285391,14
1285494,35
1285681,4
1285953,15
1285954,69
1285957,16
1285960,14
1285962,36
1286013,19
1286017,23
1286020,20
1286021,13
1286023,13
1286025,9
1286028,18
1286030,8
1286033,14
1286060,24
1286061,24
1286083,43
1286238,4
1286492,25
1286717,39
1286867,35
1287030,59
1287036,1
1287374,13
1287375,12
1287382,10
1287388,13
1287391,11
1287396,12
1287401,14
1287404,11
1287409,16
1287417,15
1287460,78
1287463,21
1287469,9
1287609,35
1287610,24
1287818,3
1287832,46
1287984,34
1287998,47
1288101,13
1288103,17
1288133,40
1288173,51
1288242,221
1288267,47
1288289,25
1288384,20
1288456,9
1288629,3
1288634,5
1288654,149
1288864,20
1288867,20
1288870,20
1288934,21
1289128,35
1289144,73
1289273,55
1289295,7
1289405,9
1289406,23
1289409,13
1289412,9
1289414,13
1289427,2
1289741,10
1289806,62
1289843,79
1289851,6
1289855,25
1289859,24
1290037,3
1290085,8
1290087,8
1290089,3
1290253,60
1290496,12
1290531,38
1290605,22
1290628,37
1290699,34
1291271,49
1291293,46
1291298,63
1291452,14
1291542,13
1291547,16
1291549,26
1291551,15
1291553,18
1291555,16
1291556,31
1291559,4
1291653,27
1291844,8
1291955,3
1291999,14
1292017,1
1292101,31
1292121,42
1292142,8
1292158,11
1292168,39
1292170,16
1292172,14
1292214,114
1292267,34
1292274,3
1292281,66
1292288,1
1292292,2
1292323,34
1292336,31
1292390,19
1292408,31
1292448,3
1292622,5
1292636,2
1292646,3
1292743,47
1292821,27
1292847,18
1292848,43
1293057,65
1293339,24
1293532,35
1293553,22
1293618,39
1294074,29
1294150,17
1294240,251
1294825,13
1295006,2
1295227,26
1295237,3
1295288,2
1295457,6
1295472,5
1295579,5
1295580,12
1295582,12
1295583,15
1295586,27
1295587,15
1295589,18
1295591,21
1295594,7
1295595,12
1295597,14
1295599,7
1295601,18
1295605,30
1295608,15
1295634,3
1295849,45
1295859,39
1295950,12
1295977,6
1295980,3
1295993,8
1296114,28
1296115,9
1296116,19
1296120,20
1296121,41
1296125,14
1296128,16
1296132,19
1296136,22
1296144,20
1296146,13
1296261,60
1296445,57
1296656,62
1296850,5
1296990,7
1297095,84
1297113,21
1297140,16
1297143,35
1297144,4
1297424,2
1297454,50
1297489,8
1297855,7
1297870,32
1297951,18
1297953,22
1297957,11
1297961,11
1297969,17
1298104,38
1298196,13
1298197,11
1298199,14
1298200,14
1298202,14
1298206,15
1298207,7
1298236,38
1298304,15
1298312,10
1298317,5
1298623,10
1298625,7
1298628,10
1298631,13
1298641,17
1298642,19
1298644,12
1298647,12
1298675,15
1298680,12
1298915,38
1298961,13
1298975,27
1299038,46
1299271,6
1299300,53
1299454,61
1299581,9
1299583,11
1299586,15
1299587,12
1299588,20
1299591,17
1299593,44
1299989,46
1300448,13
1300761,18
1300799,18
1300801,8
1300804,13
1300805,10
1300808,11
1300812,11
1300814,7
1300820,25
1302138,6
1302174,6
1302354,39
1302405,32
1302560,23
1302765,40
1302889,21
1302908,28
1302914,19
1303130,3
1303185,32
1303422,13
1303626,7
1303696,25
1303801,33
1304066,54
1304108,15
1304109,8
1304111,9
1304112,24
1304116,22
1304118,14
1304120,33
1304123,16
1304127,13
1304132,17
1304134,10
1304137,18
1304139,23
1304234,39
1304327,52
1304331,32
1304470,15
1304506,23
1304655,21
1304710,2
1304712,4
1304758,9
1304815,3
1304903,5
1304907,4
1304915,16
1304917,19
1304921,4
1305026,33
1305055,3
1305202,58
1305203,46
1305295,40
1305348,148
1305433,31
1305554,37
1305559,62
1305632,55
1305793,37
1305802,56
1305833,38
1305878,4
1306011,5
1306014,10
1306023,18
1306029,28
1306034,17
1306037,10
1306038,18
1306044,24
1306046,18
1306048,11
1306056,8
1306118,15
1306174,46
1306527,2
1306572,74
1306657,33
1306682,56
1306739,4
1306758,22
1306762,27
1306764,32
1306770,10
1306774,25
1306776,19
1306790,30
1306796,22
1306799,21
1306801,31
1306803,24
1306851,48
1306916,26
1307135,21
1307165,2
1307356,104
1307696,25
1307698,36
1307700,16
1307701,36
1307704,17
1307705,20
1307777,11
1307853,38
1307895,29
1307898,2
1307929,13
1307931,26
1307934,16
1308268,12
1308375,15
1308376,30
1308392,9
1308567,15
1308574,7
1308835,60
1308910,3
1308937,3
1308972,70
1309148,20
1309316,50
1309329,2
1309344,2
1309407,24
1309420,10
1309479,32
1309522,19
1309556,31
1309559,13
1309562,13
1309565,24
1309568,21
1309569,26
1309571,23
1309575,12
1309580,18
1309581,21
1309609,59
1309671,2
1309735,96
1309822,66
1309831,15
1310238,5
1310246,2
1310327,52
1310502,20
1310781,3
1311628,83
1311959,37
1311987,6
1312055,90
1312062,33
1312164,2
1312174,3
1312202,28
1312239,18
1312243,16
1312246,13
1312251,38
1312252,13
1312254,16
1312255,9
1312256,9
1312259,14
1312262,10
1312264,7
1312417,32
1312429,2
1312434,2
1312461,3
1312602,18
1312603,18
1312699,16
1312703,15
1312707,31
1312710,53
1312716,35
1312721,22
1313027,14
1313050,101
1313098,24
1313199,29
1313201,31
1313203,19
1313204,22
1313364,26
1313453,229
1313454,51
1313456,75
1313486,20
1313590,47
1313682,23
1313683,13
1313817,4
1313849,39
1314001,47
1314270,40
1314743,7
1314746,5
1314751,18
1314758,4
1314760,10
1314763,9
1315053,14
1315134,7
1315138,14
1316372,10
1316787,96
1317036,4
1317171,19
1317441,9
1317500,7
1317639,51
1318013,5
1318015,10
1318179,13
1318213,28
1318240,10
1318243,7
1318244,6
1318302,24
1318565,34
1319063,54
1319112,19
1319172,3
1319181,3
1319234,4
1319241,2
1319359,29
1319675,8
1319677,7
1319767,2
1319840,59
1320002,11
1320207,113
1320333,33
1320625,42
1320675,42
1320802,21
1320883,78
1320947,17
1320981,3
1321016,2
1321094,36
1321295,9
1321298,7
1321299,4
1321301,13
1321305,4
1321393,13
1321643,41
1321648,40
1321651,78
1321664,2
1321865,2
1321890,26
1321937,7
1321962,70
1322309,3
1322341,33
1322367,7
1322369,9
1322371,8
1322376,4
1322378,7
1322380,5
1322383,4
1322412,7
1322480,69
1322513,18
1322571,44
1322649,127
1322656,52
1322716,60
1322782,43
1322784,44
1322835,9
1322837,40
1323222,58
1323339,31
1323611,45
1323710,18
1323711,9
1323716,4
1323719,9
1323723,11
1323794,49
1324069,3
1324251,23
1324572,11
1324716,32
1324820,17
1324867,25
1325003,2
1325004,43
1325089,38
1325129,9
1325200,3
1325222,5
1325389,22
1325466,40
1325593,10
1325595,3
1325604,26
1325606,5
1325611,10
1325613,15
1325859,52
1325971,2
1326174,4
1326199,4
1326282,5
1326376,95
1326756,62
1326930,68
1326940,33
1327252,33
1327277,39
1327357,25
1327378,46
1327386,9
1327387,9
1327389,5
1327391,19
1327393,9
1327394,22
1327398,9
1327401,11
1327404,12
1327409,10
1327418,7
1327420,10
1327471,11
1327962,34
1328062,15
1328088,9
1328101,27
1328206,17
1328209,6
1328216,7
1328219,8
1328228,18
1328232,2
1328275,3
1328285,8
1328288,41
1328289,15
1328291,18
1328294,11
1328298,3
1328329,12
1328344,17
1328530,6
1328557,12
1328594,59
1328715,14
1328799,28
1328800,17
1328814,61
1329059,17
1329482,39
1329486,38
1329668,10
1329677,72
1329684,5
1329715,13
1329718,17
1329721,9
1329724,8
1329726,10
1329727,10
1329735,13
1329740,9
1329754,5
1329782,12
1329825,73
1329827,3
1329842,3
1329904,22
1330092,21
1330167,36
1330187,413
1330261,15
1330288,14
1330451,18
1330455,15
1330539,81
1330721,14
1330725,13
1330891,44
1330903,53
1330929,45
1330939,47
1330985,11
1330986,14
1330991,31
1331011,12
1331042,20
1331074,3
1331259,4
1331380,2
1331425,2
1331519,4
1331551,18
1331610,25
1331766,76
1331800,3
1331999,4
1332070,9
1332111,8
1332113,9
1332115,11
1332117,10
1332119,14
1332120,3
1332128,37
1332169,120
1332239,122
1332352,27
1332386,25
1332443,11
1332446,12
1332447,6
1332451,12
1332455,11
1332488,6
1332692,4
1332828,43
1332874,1
1333132,21
1333134,10
1333135,15
1333138,14
1333139,13
1333207,36
1334206,40
1334242,35
1334304,46
1334311,23
1334801,24
1334940,52
1335043,31
1335514,32
1335592,12
1335687,63
1335691,13
1335695,9
1335700,10
1335701,9
1335705,10
1335708,9
1335714,20
1335716,5
1335718,11
1335719,20
1335720,9
1335731,9
1335733,10
1335806,48
1335809,48
1335810,48
1335977,33
1336128,10
1336130,7
1336134,7
1336135,9
1336495,9
1336511,20
1336645,36
1336884,37
1337492,105
1337551,32
1337822,29
1337901,56
1338094,28
1338875,29
1339144,23
1339157,50
1339697,9
1339698,15
1339699,18
1339713,10
1339717,8
1339722,5
1339723,2
1339727,15
1339735,9
1339737,68
1339739,14
1339798,62
1339961,56
1339987,48
1339995,17
1340013,10
1340016,16
1340018,4
1340023,5
1340235,75
1340295,15
1340656,6
1340936,3
1340938,73
1340967,3
1341007,30
1341009,3
1341066,61
1341069,10
1341072,6
1341075,11
1341077,5
1341079,5
1341094,18
1341095,13
1341097,12
1341101,17
1341103,4
1341104,14
1341107,7
1341302,12
1341396,21
1341402,58
1341457,73
212361,2
225059,6
225063,4
226609,8
226619,7
229268,2
236867,3
239230,5
240327,6
240386,3
243951,3
244437,3
246228,3
246518,6
250311,6
252451,5
257680,7
262409,2
263433,4
263528,2
265420,6
268030,3
268937,2
272277,4
275492,3
275891,2
277913,2
278334,2
280738,6
280762,4
281691,3
289206,5
292959,4
298446,5
299611,1
303587,11
305636,4
305653,4
307200,5
311711,3
313999,11
314008,5
317500,18
317669,4
323742,3
328179,2
339896,3
341476,7
341477,6
342768,5
342769,1
343016,12
346356,4
358771,3
359791,6
368434,5
377025,2
377328,5
377369,6
378862,3
380374,3
383414,3
384519,1
384800,8
387706,6
391946,3
394200,3
394204,4
398668,4
404972,2
408922,3
416754,8
418224,3
422102,3
422166,4
432793,3
434396,2
437481,4
439370,9
441748,3
443319,2
445600,8
447163,11
447586,3
448167,4
448207,6
449006,6
449349,1
450104,3
451526,2
454813,3
455521,7
455737,2
456517,3
457858,12
459994,2
461446,3
461507,4
461510,4
464149,4
464907,3
467793,2
467801,2
469889,3
472980,3
474420,2
474434,5
474710,4
481128,3
484012,2
485589,3
485599,3
487245,5
489842,5
491110,3
491453,4
493360,1
493448,2
494152,4
495129,2
507422,3
507863,8
509582,8
512089,2
512284,3
512303,4
512920,4
513137,5
514994,3
515234,2
515275,3
515290,4
523576,2
524435,2
524926,3
525066,8
525365,3
528811,5
529475,6
532351,2
536302,3
536818,1
537921,3
546290,5
549337,2
551050,3
551345,4
552120,4
552564,7
552682,5
552811,4
552816,2
552832,3
555407,2
556607,5
556624,3
556688,4
556886,6
557912,3
561638,6
563026,4
566250,3
567753,6
568330,2
568424,2
569211,4
569559,3
571340,7
571341,6
575949,2
581595,2
581597,1
588772,5
593343,2
597331,5
599848,2
603222,3
608485,2
612831,4
613971,7
614703,5
616641,2
617713,3
617850,3
618132,2
618169,1
619401,8
624036,2
627725,3
628180,2
628182,1
628221,5
628460,5
628736,5
630183,1
630857,3
630893,1
631037,2
636991,2
637132,5
637823,2
638751,4
642880,2
642888,3
642894,3
643324,5
645009,2
647923,3
648139,11
648511,10
651750,3
654318,4
654675,2
654906,3
655035,2
655525,3
656444,10
656748,3
658324,3
658330,1
660126,4
661018,5
661303,5
664259,2
664380,4
667213,6
673956,2
673961,4
674497,2
674499,4
675574,2
675760,3
678783,10
683543,3
684710,3
684722,2
685659,5
686457,1
686692,5
687508,2
688859,2
689280,7
691563,3
693550,2
693577,2
693796,2
694655,2
694683,3
694688,2
694704,4
694786,2
696963,3
697216,2
697928,4
698293,5
698318,3
698334,6
698347,3
698694,2
699001,2
699021,3
699982,3
701462,3
703588,3
704714,4
706298,2
706350,4
708128,3
709818,2
709954,2
710348,2
710802,4
712345,3
712701,3
712973,1
713032,4
715284,2
716478,4
716609,12
716770,30
716777,2
717127,3
717414,1
717425,2
717435,3
718785,4
720564,2
720605,2
720869,4
722187,2
722809,3
724912,2
726175,3
726638,3
726950,3
726962,2
728204,3
729082,3
729473,5
729478,4
733550,4
733554,3
733700,2
734179,3
736540,2
736872,5
739082,4
740393,5
741332,3
741335,2
741417,5
741482,3
744280,5
744302,3
745190,2
745261,2
745267,3
745584,2
745660,7
747998,4
748009,2
748066,4
749921,3
755102,2
756759,2
756765,7
757149,3
758840,2
760009,3
766943,2
768696,2
770684,4
770817,4
771737,3
773101,2
773581,3
774676,5
775412,2
775735,7
779793,3
780870,3
783398,3
787622,2
790627,2
790700,4
791843,3
799645,3
803475,6
803875,4
803891,4
803898,2
804088,4
804141,5
805618,2
805642,4
807026,6
807765,2
808385,2
808593,3
810794,3
811724,1
812489,3
812571,3
813272,15
813279,7
813322,18
813417,2
814018,3
814340,7
814415,4
814437,10
814494,8
814515,18
814516,7
814527,6
814528,9
814979,3
815028,4
815073,5
815076,5
815121,7
815127,5
815148,7
815151,5
815320,4
815332,4
815336,3
815349,14
815759,4
815773,8
816271,2
816277,5
816415,21
816501,3
816547,4
816889,4
816896,4
817130,4
817254,8
817340,5
817711,2
817715,5
817758,2
818043,6
818212,3
818784,2
818788,3
818795,2
818839,2
818849,10
818868,4
818869,16
818873,5
818910,7
818973,7
818993,9
819358,5
819386,11
819498,7
819507,4
819651,7
819654,8
819860,5
819867,4
819868,3
819892,6
819896,3
819900,2
819904,4
819932,2
819954,8
819956,4
820391,3
820415,5
820422,6
820427,12
820442,5
820579,6
820585,6
820666,3
820993,2
821002,3
821035,3
821063,5
821075,20
821123,5
821212,11
821252,5
822270,7
822285,4
822754,4
822755,5
822768,2
822851,2
825312,6
825320,4
825406,3
825677,4
825746,3
825750,3
826671,2
826775,5
826830,6
826845,4
826864,4
826902,3
827109,3
827570,7
827669,8
827689,8
827758,6
828015,3
828055,6
828250,4
828270,5
828288,2
828327,8
829014,3
829016,4
829330,3
829364,3
829383,4
829430,3
829432,14
829446,5
829448,3
829452,4
829454,4
829455,2
829474,2
829485,2
829507,2
829509,1
829644,4
829651,3
829652,3
829654,4
829709,3
831460,3
831753,8
831768,4
831820,15
832677,3
832702,4
832740,2
833200,3
833469,7
833597,4
833614,5
834077,3
834081,3
834335,3
834344,4
834668,2
835530,4
835565,2
835608,3
835617,3
835626,3
835630,2
835638,5
835648,3
835671,2
835716,3
835819,3
835839,4
835849,2
835854,3
835858,2
835863,4
835864,3
835865,4
836178,4
836185,2
836188,2
836193,2
836195,2
836197,2
837795,2
837905,3
838075,4
838172,6
838452,2
838490,5
838502,4
838579,3
840137,3
840196,2
840405,2
840724,2
840912,4
840920,2
842035,3
842046,2
842640,5
842945,4
844763,2
844991,2
844992,1
844993,5
844996,3
845006,8
845464,4
845563,2
845671,1
847291,2
847292,2
847295,2
847296,4
847412,3
849605,10
849863,3
853940,6
853942,2
854006,2
854039,3
854157,2
854389,4
854393,10
854409,5
854420,6
854470,4
854494,4
855074,6
855871,5
855996,10
856040,13
856053,1
856661,3
856666,23
858368,2
858835,5
859179,3
859806,2
860252,3
860275,3
860327,5
860392,3
860467,4
860731,10
860870,3
861015,9
861042,9
861434,3
861449,3
861494,2
861939,5
861963,2
862303,3
863506,2
863562,2
863793,4
863832,3
864177,3
864389,4
864811,3
865084,2
865119,4
865155,2
866465,16
866603,2
867060,2
867071,3
867113,3
867123,2
867129,4
868076,8
868378,11
868729,4
868767,4
868998,4
869402,5
869435,14
869476,10
869732,4
871503,2
871677,5
871681,3
871770,3
871783,4
871841,4
871927,4
872234,5
872643,2
872653,4
872654,6
872672,10
872710,5
873012,9
873251,3
873641,1
873714,3
874620,3
875388,2
875391,3
875751,2
875754,7
875988,2
876218,6
876495,2
876772,9
876848,3
876851,6
876852,7
877299,4
877308,4
877310,4
877316,4
877341,4
877342,4
877343,5
877502,3
877510,2
877513,4
877515,5
877725,6
877737,3
877781,2
877991,9
878016,8
879888,6
881503,22
881536,3
882596,4
883067,5
883097,4
883099,5
883110,4
883116,3
883950,14
884127,8
884155,3
884165,4
884802,7
885239,11
885408,5
885826,2
887272,5
889159,4
890148,4
890154,4
890167,4
890535,3
890540,5
890775,4
891172,3
891501,3
891513,10
891519,7
891520,7
892218,4
892361,4
892447,6
892607,4
892733,13
893060,5
893062,2
893064,5
893903,3
893968,2
893998,2
894250,2
894429,2
894436,2
894579,3
894582,5
894593,2
894596,4
894608,2
894611,2
894626,4
894644,3
894647,3
894648,2
894663,3
894673,6
894675,3
894697,3
894703,4
894731,4
894732,2
894736,1
894770,2
894771,7
894774,2
894827,1
895226,5
895293,7
895997,3
896307,2
896352,3
896932,7
897300,5
898426,6
899689,3
899749,6
899772,2
899995,3
903072,4
903675,2
903676,5
903677,4
903998,2
904029,15
905079,4
905124,6
907295,2
907303,5
907317,5
907341,11
907453,4
907455,4
907470,4
908680,4
908753,3
909239,5
909586,4
909588,4
910839,3
911216,18
911253,4
911288,9
911318,6
911404,4
911436,3
911864,3
912416,3
913100,3
913160,25
915161,2
915274,2
915285,3
916367,2
916946,4
917520,5
917541,4
917760,4
917781,3
917783,2
917794,2
918422,6
919440,3
919445,2
919725,2
920205,2
920234,2
920286,2
920291,2
923631,3
923910,3
924806,5
925351,4
926392,21
926396,19
926400,32
926402,19
926506,27
927422,2
927704,3
927771,2
928139,3
929046,4
929427,3
929980,3
929997,3
930060,3
930061,3
930374,3
930476,11
930583,19
931890,3
931955,17
932017,2
932025,1
932335,3
932468,3
932482,3
932486,4
932828,2
932871,22
933129,3
933175,23
933194,17
933210,15
933314,2
933698,3
934062,5
934116,4
934143,3
934274,6
934283,4
935303,21
935332,15
935401,4
935422,4
935433,5
935600,2
935619,2
937576,22
937651,12
938318,15
938399,6
939765,16
941346,3
941466,7
943366,13
943383,23
944627,3
945918,7
945945,10
945962,8
945970,9
945998,9
946026,5
946217,2
946223,8
946429,7
946445,5
946467,7
946490,4
946553,4
946970,4
947075,3
947107,7
947150,2
947198,4
947207,2
947210,4
947230,3
947235,4
947262,1
947264,1
947274,2
947281,2
947326,4
947667,4
947681,2
947847,3
947849,4
947888,4
947912,3
947937,3
947964,3
947965,4
947969,5
948010,5
949541,4
950177,3
950219,37
952093,2
952493,2
952495,2
952501,3
952618,2
953171,4
953180,3
953230,4
953697,78
953842,15
953867,3
953882,3
953892,1
953893,2
953901,3
953906,4
954787,3
955113,4
955137,6
955140,2
955285,4
955646,3
955810,12
955979,4
955985,2
956035,3
956057,2
956072,2
956568,11
956655,4
956659,1
956673,6
956677,2
956905,3
956933,4
956954,3
957042,3
957106,2
957112,3
957210,3
957258,4
957263,5
957903,2
958041,4
958050,3
958094,4
958118,2
958239,4
958242,1
958321,3
958939,7
958950,4
958957,7
958969,4
959468,5
959483,3
959571,4
962006,26
962285,37
962312,34
962535,17
962567,4
962571,2
962581,6
962587,4
962588,30
962618,26
963272,2
963474,2
963911,5
963921,5
965531,3
965564,5
965725,4
966067,4
966603,8
966810,36
966864,31
966970,25
966988,38
966996,10
967025,2
967172,1
968719,4
968741,3
969032,2
969405,22
969418,4
969447,20
969456,17
969507,24
969646,4
970113,57
970171,4
970176,58
970246,2
970335,39
970396,62
970417,25
970835,73
970874,2
970972,3
971512,37
971525,23
971527,58
971800,3
971836,3
971842,4
971846,4
971978,6
972134,2
972224,3
972268,14
972286,28
972294,26
972301,36
972310,55
972384,36
972410,141
972448,27
972453,52
972504,3
972528,3
972532,3
972546,4
972623,29
972635,5
972713,2
972743,4
972749,10
972893,46
972894,3
972988,2
973112,11
973542,3
973686,23
973687,23
973716,11
973717,10
973719,31
973809,18
973837,14
973845,46
973964,67
973969,93
974013,22
974017,15
974092,2
974100,2
974198,33
974201,30
974212,53
974282,19
974475,68
974588,13
974594,68
974688,244
975046,18
975462,43
975941,18
976248,5
976252,42
976259,45
976499,43
976550,6
976565,3
976618,23
976993,15
977047,41
977134,4
977187,104
977200,2
977320,34
977322,53
977326,55
977540,7
977671,20
977678,13
977774,44
977919,27
978335,39
978481,43
978732,77
979016,95
979110,49
979592,55
979724,3
979725,2
979744,57
979748,77
980003,34
980101,43
980295,29
980315,5
980569,5
980838,66
980888,34
981004,51
981008,4
981018,323
981308,21
981413,119
981584,42
981592,50
981841,26
982195,33
982478,52
982604,33
983027,17
983440,82
983535,33
983693,108
983708,17
983723,15
983946,5
983947,19
984020,77
984183,3
984286,29
984450,27
984553,11
984613,84
984614,15
984689,49
984694,10
984736,68
984842,15
984976,61
984992,5
985030,15
985140,76
985240,33
985257,23
985278,39
985431,102
985545,38
985646,54
985933,29
986017,61
986138,2
986183,4
986238,38
986576,3
986578,3
986621,15
986813,18
986825,61
986915,46
987011,51
987060,7
987187,2
987198,4
987268,26
987278,17
987465,63
987601,27
987683,15
987720,4
987942,21
988157,19
988162,23
988265,33
988373,87
988461,39
988869,14
988902,11
988914,15
988926,12
988932,14
988940,7
988943,14
988955,12
988985,26
989044,58
989057,22
989141,56
989190,3
989194,15
989540,74
989546,75
989638,1
989694,55
989696,40
989767,67
989851,17
989913,2
990003,47
990210,13
990262,56
990329,21
990489,3
990552,19
990595,66
990844,4
990846,50
990890,4
990948,10
991011,61
991071,6
991091,2
991148,5
991291,53
991430,2
991433,6
991815,42
991816,21
991817,40
991868,60
991954,114
992072,37
992212,44
992393,21
992502,82
992521,32
992546,33
992657,32
992701,39
992967,64
992986,138
993070,22
993131,82
993170,90
993213,16
993232,54
993238,85
993285,42
993303,43
993337,63
993661,65
993860,95
994040,72
994419,2
994501,161
994550,76
994693,53
994773,23
995039,2
995075,54
995260,53
995283,55
995306,7
995366,80
995581,26
995705,18
995788,25
995794,43
995822,53
995874,76
995954,30
996560,6
996654,48
996741,26
996751,204
996823,78
996844,104
997007,11
997260,46
997290,49
997793,50
997859,40
998387,90
998648,43
998680,31
998826,61
998927,49
998930,10
998938,19
999704,40
999945,93
